bodyID,Volume,3DHBSh,Aqua-Calc,Article 1987
0001,0.08436131,86.55,85.2,87.98
0002,0.08519165,87.41,86.04,88.8
0003,0.07054149,72.38,71.25,74.36
0004,0.07830314,80.34,79.09,82.01
0005,0.07251131,74.4,73.24,76.3
0006,0.05919706,60.74,59.79,63.19
0007,0.08180338,83.93,82.62,85.46
0008,0.08047566,82.57,81.28,84.15
0009,0.07939477,81.46,80.19,83.09
0010,0.07867335,80.72,79.46,82.37
0011,0.07907216,81.13,79.86,82.77
0012,0.0850742,87.29,85.92,88.68
0013,0.07679117,78.79,77.56,80.52
0014,0.07191322,73.78,72.63,75.71
0015,0.06566395,67.37,66.32,69.56
0016,0.07759284,79.61,78.37,81.31
0017,0.08215246,84.29,82.97,85.8
0018,0.08119831,83.31,82.01,84.86
0019,0.07626945,78.25,77.03,80.01
0020,0.07958888,81.66,80.38,83.28
0021,0.09424339,96.69,95.19,97.71
0022,0.06682404,68.56,67.49,70.7
0023,0.06881281,70.6,69.5,72.66
0024,0.07434169,76.27,75.09,78.11
0025,0.07360197,75.52,74.34,77.38
0026,0.07213412,74.01,72.86,75.93
0027,0.08252998,84.68,83.36,86.17
0028,0.06863766,70.42,69.32,72.49
0029,0.05821715,59.73,58.8,62.22
0030,0.0795128,81.58,80.31,83.2
0031,0.07179318,73.66,72.51,75.6
0032,0.07563949,77.61,76.4,79.39
0033,0.07958635,81.66,80.38,83.27
0034,0.06669938,68.43,67.37,70.58
0035,0.09739712,99.93,98.37,100.82
0036,0.10042786,103.04,101.43,103.81
0037,0.07283783,74.73,73.57,76.63
0038,0.0558232,57.27,56.38,59.86
0039,0.07988933,81.97,80.69,83.57
0040,0.06933275,71.14,70.03,73.17
0041,0.10324457,105.93,104.28,106.58
0042,0.07811869,80.15,78.9,81.83
0043,0.06332089,64.97,63.95,67.25
0044,0.08160239,83.72,82.42,85.26
0045,0.08724129,89.51,88.11,90.82
0046,0.0796435,81.71,80.44,83.33
0047,0.06973922,71.55,70.44,73.57
0048,0.08650326,88.75,87.37,90.09
0049,0.10687535,109.65,107.94,110.16
0050,0.07701802,79.02,77.79,80.74
0051,0.07999355,82.07,80.79,83.68
0052,0.08386321,86.04,84.7,87.49
0053,0.08736308,89.63,88.24,90.94
0054,0.07286534,74.76,73.59,76.65
0055,0.06797096,69.74,68.65,71.83
0056,0.08302986,85.19,83.86,86.67
0057,0.08844087,90.74,89.33,92.0
0058,0.08588745,88.12,86.75,89.48
0059,0.06412401,65.79,64.77,68.04
0060,0.0673809,69.13,68.05,71.25
0061,0.08420657,86.4,85.05,87.83
0062,0.08387137,86.05,84.71,87.5
0063,0.09446207,96.92,95.41,97.93
0064,0.08041878,82.51,81.22,84.09
0065,0.08114656,83.26,81.96,84.81
0066,0.06376948,65.43,64.41,67.69
0067,0.08460669,86.81,85.45,88.22
0068,0.09106895,93.44,91.98,94.59
0069,0.08816179,90.45,89.04,91.72
0070,0.06715984,68.91,67.83,71.03
0071,0.09025185,92.6,91.15,93.78
0072,0.06074656,62.33,61.35,64.71
0073,0.05266571,54.04,53.19,56.75
0074,0.07433319,76.27,75.08,78.1
0075,0.06937955,71.18,70.07,73.22
0076,0.06343471,65.08,64.07,67.36
0077,0.07435957,76.29,75.1,78.12
0078,0.07861319,80.66,79.4,82.32
0079,0.08603088,88.27,86.89,89.62
0080,0.07718627,79.19,77.96,80.91
0081,0.06582287,67.53,66.48,69.71
0082,0.08149565,83.61,82.31,85.16
0083,0.09463476,97.1,95.58,98.1
0084,0.09362878,96.06,94.57,97.11
0085,0.08668975,88.94,87.56,90.27
0086,0.08310975,85.27,83.94,86.75
0087,0.07623519,78.22,77.0,79.97
0088,0.07522344,77.18,75.98,78.98
0089,0.08243229,84.58,83.26,86.08
0090,0.09326852,95.69,94.2,96.75
0091,0.09841475,100.97,99.4,101.82
0092,0.0794514,81.52,80.25,83.14
0093,0.062339,63.96,62.96,66.28
0094,0.06501942,66.71,65.67,68.92
0095,0.07099193,72.84,71.7,74.81
0096,0.08113132,83.24,81.94,84.8
0097,0.08986649,92.2,90.77,93.4
0098,0.07795666,79.98,78.74,81.67
0099,0.06937176,71.18,70.07,73.21
0100,0.06100604,62.59,61.62,64.97
0101,0.06831408,70.09,69.0,72.17
0102,0.10569026,108.44,106.75,108.99
0103,0.07243453,74.32,73.16,76.23
0104,0.06844931,70.23,69.13,72.3
0105,0.08606813,88.31,86.93,89.66
0106,0.08600599,88.24,86.87,89.6
0107,0.06845366,70.23,69.14,72.31
0108,0.09150019,93.88,92.42,95.01
0109,0.0702364,72.06,70.94,74.06
0110,0.07506395,77.02,75.81,78.82
0111,0.08064348,82.74,81.45,84.32
0112,0.07448614,76.42,75.23,78.25
0113,0.06988312,71.7,70.58,73.71
0114,0.08727621,89.55,88.15,90.85
0115,0.07948413,81.55,80.28,83.17
0116,0.08346594,85.64,84.3,87.1
0117,0.07756311,79.58,78.34,81.28
0118,0.06862591,70.41,69.31,72.48
0119,0.07866828,80.71,79.45,82.37
0120,0.08963948,91.97,90.54,93.18
0121,0.08531255,87.53,86.17,88.92
0122,0.06344134,65.09,64.08,67.37
0123,0.08733188,89.6,88.21,90.91
0124,0.07607898,78.06,76.84,79.82
0125,0.07741731,79.43,78.19,81.14
0126,0.06111957,62.71,61.73,65.08
0127,0.08582121,88.05,86.68,89.42
0128,0.06883088,70.62,69.52,72.68
0129,0.08078683,82.89,81.59,84.46
0130,0.08158335,83.7,82.4,85.24
0131,0.07290456,74.8,73.63,76.69
0132,0.06442258,66.1,65.07,68.33
0133,0.07410919,76.04,74.85,77.88
0134,0.0800616,82.14,80.86,83.74
0135,0.06819735,69.97,68.88,72.05
0136,0.06164406,63.25,62.26,65.6
0137,0.06259299,64.22,63.22,66.53
0138,0.08647408,88.72,87.34,90.06
0139,0.07470856,76.65,75.46,78.47
0140,0.0514685,52.81,51.98,55.57
0141,0.09857623,101.14,99.56,101.98
0142,0.06475772,66.44,65.41,68.66
0143,0.06904891,70.84,69.74,72.89
0144,0.06801466,69.78,68.69,71.87
0145,0.08316238,85.32,83.99,86.8
0146,0.08237358,84.52,83.2,86.02
0147,0.07409984,76.03,74.84,77.87
0148,0.08048219,82.57,81.29,84.16
0149,0.07663339,78.63,77.4,80.36
0150,0.08046541,82.56,81.27,84.14
0151,0.0795045,81.57,80.3,83.19
0152,0.06457686,66.26,65.22,68.49
0153,0.0901883,92.53,91.09,93.72
0154,0.05163198,52.97,52.15,55.73
0155,0.0697172,71.53,70.41,73.55
0156,0.07629921,78.28,77.06,80.04
0157,0.06667167,68.41,67.34,70.55
0158,0.07414815,76.08,74.89,77.92
0159,0.07783965,79.86,78.62,81.55
0160,0.0762387,78.22,77.0,79.98
0161,0.08548135,87.7,86.34,89.08
0162,0.06557924,67.28,66.24,69.47
0163,0.0864351,88.68,87.3,90.02
0164,0.08256136,84.71,83.39,86.21
0165,0.07771448,79.74,78.49,81.43
0166,0.07255516,74.44,73.28,76.35
0167,0.07792513,79.95,78.7,81.64
0168,0.08462807,86.83,85.47,88.24
0169,0.08691831,89.18,87.79,90.5
0170,0.07601107,77.99,76.77,79.75
0171,0.06288722,64.52,63.52,66.82
0172,0.07640088,78.39,77.16,80.14
0173,0.06469317,66.38,65.34,68.6
0174,0.0618009,63.41,62.42,65.75
0175,0.06625266,67.98,66.92,70.14
0176,0.07544037,77.4,76.19,79.19
0177,0.06589054,67.6,66.55,69.78
0178,0.06886286,70.65,69.55,72.71
0179,0.08162595,83.75,82.44,85.28
0180,0.07230394,74.18,73.03,76.1
0181,0.07124257,73.09,71.95,75.05
0182,0.07171958,73.58,72.44,75.52
0183,0.06762911,69.39,68.31,71.49
0184,0.08466503,86.87,85.51,88.28
0185,0.08402494,86.21,84.87,87.65
0186,0.06551906,67.22,66.17,69.41
0187,0.090007,92.35,90.91,93.54
0188,0.07533298,77.29,76.09,79.08
0189,0.06520647,66.9,65.86,69.11
0190,0.06985183,71.67,70.55,73.68
0191,0.09605903,98.56,97.02,99.5
0192,0.06086942,62.45,61.48,64.83
0193,0.07140658,73.26,72.12,75.22
0194,0.08131321,83.43,82.13,84.98
0195,0.10253449,105.2,103.56,105.88
0196,0.08932585,91.65,90.22,92.87
0197,0.06911205,70.91,69.8,72.95
0198,0.07878451,80.83,79.57,82.48
0199,0.0773452,79.36,78.12,81.07
0200,0.07414213,76.07,74.88,77.91
0201,0.07450436,76.44,75.25,78.27
0202,0.06513196,66.83,65.78,69.03
0203,0.08626342,88.51,87.13,89.85
0204,0.06773474,69.5,68.41,71.6
0205,0.07541024,77.37,76.16,79.16
0206,0.06594708,67.66,66.61,69.84
0207,0.06688669,68.63,67.56,70.76
0208,0.09049352,92.85,91.4,94.02
0209,0.08254702,84.69,83.37,86.19
0210,0.06256074,64.19,63.19,66.5
0211,0.0736344,75.55,74.37,77.41
0212,0.0659401,67.65,66.6,69.83
0213,0.07829069,80.33,79.07,82.0
0214,0.07985678,81.93,80.66,83.54
0215,0.0694104,71.22,70.1,73.25
0216,0.05910817,60.64,59.7,63.1
0217,0.08280247,84.96,83.63,86.44
0218,0.07750614,79.52,78.28,81.22
0219,0.09938865,101.97,100.38,102.78
0220,0.06836965,70.15,69.05,72.22
0221,0.08519225,87.41,86.04,88.8
0222,0.0909416,93.31,91.85,94.46
0223,0.08931182,91.63,90.2,92.86
0224,0.07350147,75.41,74.24,77.28
0225,0.06402547,65.69,64.67,67.94
0226,0.06683346,68.57,67.5,70.71
0227,0.07790067,79.93,78.68,81.61
0228,0.08202837,84.16,82.85,85.68
0229,0.07022413,72.05,70.93,74.05
0230,0.07569027,77.66,76.45,79.44
0231,0.07476909,76.71,75.52,78.53
0232,0.05687701,58.36,57.45,60.9
0233,0.05863893,60.16,59.23,62.64
0234,0.08382893,86.01,84.67,87.45
0235,0.07476978,76.71,75.52,78.53
0236,0.07010686,71.93,70.81,73.93
0237,0.06766575,69.43,68.34,71.53
0238,0.07007176,71.89,70.77,73.9
0239,0.06504176,66.73,65.69,68.94
0240,0.08432849,86.52,85.17,87.95
0241,0.07882656,80.88,79.61,82.53
0242,0.07945773,81.52,80.25,83.15
0243,0.08689267,89.15,87.76,90.47
0244,0.06230191,63.92,62.92,66.25
0245,0.08052139,82.61,81.33,84.2
0246,0.06861411,70.4,69.3,72.46
0247,0.06073098,62.31,61.34,64.7
0248,0.05468181,56.1,55.23,58.74
0249,0.06012273,61.69,60.72,64.1
0250,0.06763939,69.4,68.32,71.5
0251,0.08229238,84.43,83.12,85.94
0252,0.08935629,91.68,90.25,92.9
0253,0.11432168,117.29,115.46,117.5
0254,0.06365361,65.31,64.29,67.58
0255,0.07084906,72.69,71.56,74.67
0256,0.08005826,82.14,80.86,83.74
0257,0.06983222,71.65,70.53,73.66
0258,0.0677633,69.53,68.44,71.63
0259,0.06838447,70.16,69.07,72.24
0260,0.06179315,63.4,62.41,65.74
0261,0.06661779,68.35,67.28,70.5
0262,0.04777776,49.02,48.26,51.94
0263,0.06271017,64.34,63.34,66.65
0264,0.07385872,75.78,74.6,77.63
0265,0.07231976,74.2,73.04,76.12
0266,0.0782897,80.33,79.07,82.0
0267,0.07243536,74.32,73.16,76.23
0268,0.07182374,73.69,72.54,75.63
0269,0.08446368,86.66,85.31,88.08
0270,0.06888882,70.68,69.58,72.73
0271,0.07194586,73.82,72.67,75.75
0272,0.07154103,73.4,72.26,75.35
0273,0.07318307,75.09,73.91,76.97
0274,0.06459224,66.27,65.24,68.5
0275,0.07122156,73.07,71.93,75.03
0276,0.0655214,67.22,66.18,69.42
0277,0.07511085,77.06,75.86,78.86
0278,0.08277351,84.93,83.6,86.41
0279,0.06627912,68.0,66.94,70.16
0280,0.08732225,89.59,88.2,90.9
0281,0.10197255,104.62,102.99,105.33
0282,0.0651503,66.84,65.8,69.05
0283,0.06482938,66.51,65.48,68.74
0284,0.09574931,98.24,96.71,99.2
0285,0.08537514,87.59,86.23,88.98
0286,0.07955309,81.62,80.35,83.24
0287,0.07808954,80.12,78.87,81.8
0288,0.06939487,71.2,70.09,73.23
0289,0.06869077,70.48,69.38,72.54
0290,0.08143792,83.56,82.25,85.1
0291,0.08344034,85.61,84.27,87.07
0292,0.07542006,77.38,76.17,79.17
0293,0.07150298,73.36,72.22,75.31
0294,0.08844014,90.74,89.32,92.0
0295,0.07756439,79.58,78.34,81.28
0296,0.08771806,90.0,88.6,91.29
0297,0.08682545,89.08,87.69,90.41
0298,0.07772284,79.74,78.5,81.44
0299,0.07042131,72.25,71.13,74.24
0300,0.07324707,75.15,73.98,77.03
0301,0.06954987,71.36,70.25,73.39
0302,0.07777325,79.8,78.55,81.49
0303,0.09702137,99.54,97.99,100.45
0304,0.07514956,77.1,75.9,78.9
0305,0.07402047,75.95,74.76,77.79
0306,0.0688074,70.6,69.5,72.65
0307,0.07054696,72.38,71.25,74.37
0308,0.06909768,70.89,69.79,72.94
0309,0.06777351,69.54,68.45,71.64
0310,0.0787756,80.82,79.56,82.48
0311,0.05943918,60.98,60.03,63.42
0312,0.07712091,79.13,77.89,80.85
0313,0.07543957,77.4,76.19,79.19
0314,0.05203952,53.39,52.56,56.13
0315,0.07463051,76.57,75.38,78.39
0316,0.09494465,97.41,95.89,98.41
0317,0.07992674,82.0,80.73,83.61
0318,0.06667206,68.41,67.34,70.55
0319,0.06184831,63.46,62.47,65.8
0320,0.0613421,62.94,61.96,65.3
0321,0.05882338,60.35,59.41,62.82
0322,0.07572436,77.69,76.48,79.47
0323,0.0746642,76.61,75.41,78.42
0324,0.07136705,73.22,72.08,75.18
0325,0.05883772,60.37,59.43,62.83
0326,0.0740553,75.98,74.8,77.82
0327,0.07978397,81.86,80.58,83.47
0328,0.08366878,85.84,84.51,87.3
0329,0.0864343,88.68,87.3,90.02
0330,0.09160766,93.99,92.52,95.12
0331,0.07277875,74.67,73.51,76.57
0332,0.07977014,81.84,80.57,83.46
0333,0.0741819,76.11,74.92,77.95
0334,0.06105919,62.65,61.67,65.02
0335,0.07361766,75.53,74.35,77.39
0336,0.09987544,102.47,100.87,103.26
0337,0.06496192,66.65,65.61,68.87
0338,0.0828706,85.03,83.7,86.51
0339,0.07938046,81.44,80.17,83.07
0340,0.08409097,86.28,84.93,87.71
0341,0.07588777,77.86,76.65,79.63
0342,0.07899058,81.04,79.78,82.69
0343,0.07309533,75.0,73.83,76.88
0344,0.09187125,94.26,92.79,95.38
0345,0.07623733,78.22,77.0,79.97
0346,0.06039626,61.97,61.0,64.37
0347,0.07260336,74.49,73.33,76.39
0348,0.07880511,80.85,79.59,82.5
0349,0.06310702,64.75,63.74,67.04
0350,0.07257794,74.46,73.3,76.37
0351,0.07659264,78.58,77.36,80.32
0352,0.07026492,72.09,70.97,74.09
0353,0.07441512,76.35,75.16,78.18
0354,0.07842113,80.46,79.21,82.13
0355,0.0747268,76.67,75.47,78.49
0356,0.06237042,63.99,62.99,66.31
0357,0.07890499,80.96,79.69,82.6
0358,0.07582994,77.8,76.59,79.57
0359,0.08394485,86.13,84.78,87.57
0360,0.07718158,79.19,77.95,80.91
0361,0.07472478,76.67,75.47,78.48
0362,0.06548221,67.18,66.14,69.38
0363,0.06552582,67.23,66.18,69.42
0364,0.0784428,80.48,79.23,82.15
0365,0.05787149,59.38,58.45,61.88
0366,0.06219945,63.82,62.82,66.14
0367,0.06376358,65.42,64.4,67.69
0368,0.08626815,88.51,87.13,89.86
0369,0.06536413,67.06,66.02,69.26
0370,0.0695953,71.4,70.29,73.43
0371,0.06451361,66.19,65.16,68.42
0372,0.06664944,68.38,67.32,70.53
0373,0.08416262,86.35,85.0,87.78
0374,0.07453697,76.47,75.28,78.3
0375,0.07956754,81.64,80.36,83.26
0376,0.08165591,83.78,82.47,85.31
0377,0.05191017,53.26,52.43,56.01
0378,0.08156213,83.68,82.38,85.22
0379,0.07402208,75.95,74.76,77.79
0380,0.07866869,80.71,79.46,82.37
0381,0.06678765,68.52,67.46,70.66
0382,0.06394375,65.61,64.58,67.86
0383,0.09609077,98.59,97.05,99.53
0384,0.06730617,69.06,67.98,71.18
0385,0.06028938,61.86,60.89,64.26
0386,0.05485383,56.28,55.4,58.91
0387,0.06641885,68.15,67.08,70.3
0388,0.07670624,78.7,77.47,80.44
0389,0.07758254,79.6,78.36,81.3
0390,0.07699092,78.99,77.76,80.72
0391,0.08314934,85.31,83.98,86.78
0392,0.08835005,90.65,89.23,91.91
0393,0.06743132,69.18,68.11,71.3
0394,0.06316796,64.81,63.8,67.1
0395,0.08159588,83.72,82.41,85.25
0396,0.06960319,71.41,70.3,73.44
0397,0.08139442,83.51,82.21,85.06
0398,0.08103002,83.14,81.84,84.7
0399,0.06625778,67.98,66.92,70.14
0400,0.07077274,72.61,71.48,74.59
0401,0.10466893,107.39,105.72,107.99
0402,0.09687591,99.39,97.84,100.31
0403,0.07407169,76.0,74.81,77.84
0404,0.06037095,61.94,60.97,64.34
0405,0.06380714,65.47,64.45,67.73
0406,0.06647622,68.2,67.14,70.36
0407,0.0784525,80.49,79.24,82.16
0408,0.08140874,83.53,82.22,85.07
0409,0.06259766,64.23,63.22,66.54
0410,0.07503384,76.98,75.78,78.79
0411,0.06574285,67.45,66.4,69.64
0412,0.08197588,84.11,82.8,85.63
0413,0.098741,101.31,99.73,102.15
0414,0.08105775,83.17,81.87,84.72
0415,0.06798246,69.75,68.66,71.84
0416,0.08718158,89.45,88.05,90.76
0417,0.08879248,91.1,89.68,92.34
0418,0.08132737,83.44,82.14,84.99
0419,0.06928624,71.09,69.98,73.13
0420,0.06825507,70.03,68.94,72.11
0421,0.10702405,109.81,108.09,110.31
0422,0.08313529,85.3,83.97,86.77
0423,0.06793985,69.71,68.62,71.8
0424,0.07919757,81.26,79.99,82.89
0425,0.07220628,74.08,72.93,76.0
0426,0.06335899,65.01,63.99,67.29
0427,0.06749822,69.25,68.17,71.36
0428,0.0730044,74.9,73.73,76.79
0429,0.05351748,54.91,54.05,57.59
0430,0.06995145,71.77,70.65,73.78
0431,0.06984082,71.66,70.54,73.67
0432,0.05680171,58.28,57.37,60.83
0433,0.06981036,71.63,70.51,73.64
0434,0.07052737,72.36,71.23,74.35
0435,0.06813467,69.91,68.82,71.99
0436,0.0711919,73.04,71.9,75.0
0437,0.07246251,74.35,73.19,76.26
0438,0.09805832,100.61,99.04,101.47
0439,0.07828075,80.32,79.06,81.99
0440,0.09052924,92.88,91.43,94.06
0441,0.10036075,102.97,101.36,103.74
0442,0.06649091,68.22,67.16,70.37
0443,0.09790791,100.45,98.89,101.33
0444,0.08534882,87.57,86.2,88.95
0445,0.08917806,91.5,90.07,92.72
0446,0.05107749,52.41,51.59,55.19
0447,0.06924298,71.04,69.94,73.08
0448,0.07021874,72.04,70.92,74.05
0449,0.07889206,80.94,79.68,82.59
0450,0.08379421,85.97,84.63,87.42
0451,0.09257696,94.98,93.5,96.07
0452,0.07290946,74.81,73.64,76.7
0453,0.06302495,64.66,63.66,66.96
0454,0.08124549,83.36,82.06,84.91
0455,0.06348425,65.13,64.12,67.41
0456,0.0716645,73.53,72.38,75.47
0457,0.06156653,63.17,62.18,65.52
0458,0.09635949,98.86,97.32,99.8
0459,0.05225591,53.61,52.78,56.35
0460,0.08497481,87.18,85.82,88.58
0461,0.09646698,98.98,97.43,99.91
0462,0.08272626,84.88,83.55,86.37
0463,0.05989837,61.46,60.5,63.88
0464,0.08022866,82.31,81.03,83.91
0465,0.08596493,88.2,86.82,89.56
0466,0.07742385,79.44,78.2,81.14
0467,0.06702618,68.77,67.7,70.9
0468,0.05484759,56.27,55.4,58.9
0469,0.0849467,87.16,85.8,88.56
0470,0.05229381,53.65,52.82,56.39
0471,0.06764374,69.4,68.32,71.51
0472,0.06079058,62.37,61.4,64.76
0473,0.07513186,77.09,75.88,78.89
0474,0.07691036,78.91,77.68,80.64
0475,0.08186031,83.99,82.68,85.51
0476,0.05853234,60.05,59.12,62.53
0477,0.06499832,66.69,65.65,68.9
0478,0.07676532,78.76,77.53,80.49
0479,0.08746431,89.74,88.34,91.04
0480,0.06211873,63.73,62.74,66.06
0481,0.06877054,70.56,69.46,72.62
0482,0.07592848,77.9,76.69,79.67
0483,0.06895591,70.75,69.65,72.8
0484,0.07230961,74.19,73.03,76.11
0485,0.07815757,80.19,78.94,81.87
0486,0.07797406,80.0,78.75,81.69
0487,0.09070387,93.06,91.61,94.23
0488,0.06548213,67.18,66.14,69.38
0489,0.06722051,68.97,67.89,71.09
0490,0.0809344,83.04,81.74,84.6
0491,0.08586826,88.1,86.73,89.46
0492,0.07249649,74.38,73.22,76.29
0493,0.0649347,66.62,65.58,68.84
0494,0.07221427,74.09,72.94,76.01
0495,0.09430873,96.76,95.25,97.78
0496,0.08703127,89.29,87.9,90.61
0497,0.07879647,80.85,79.58,82.5
0498,0.08176712,83.89,82.58,85.42
0499,0.08426649,86.46,85.11,87.89
0500,0.07326608,75.17,74.0,77.05
0501,0.07704953,79.05,77.82,80.77
0502,0.07612956,78.11,76.89,79.87
0503,0.07007192,71.89,70.77,73.9
0504,0.11285016,115.78,113.98,116.05
0505,0.06644249,68.17,67.11,70.32
0506,0.06748265,69.24,68.16,71.35
0507,0.07269208,74.58,73.42,76.48
0508,0.05943936,60.98,60.03,63.42
0509,0.06571926,67.43,66.38,69.61
0510,0.08155088,83.67,82.37,85.21
0511,0.0602967,61.86,60.9,64.27
0512,0.08446267,86.66,85.31,88.08
0513,0.06086044,62.44,61.47,64.83
0514,0.06259317,64.22,63.22,66.53
0515,0.08241962,84.56,83.24,86.07
0516,0.07674586,78.74,77.51,80.48
0517,0.08316359,85.33,84.0,86.8
0518,0.09426672,96.72,95.21,97.74
0519,0.07780085,79.82,78.58,81.52
0520,0.08708812,89.35,87.96,90.67
0521,0.07264457,74.53,73.37,76.44
0522,0.06220016,63.82,62.82,66.14
0523,0.07929282,81.35,80.09,82.99
0524,0.0821054,84.24,82.93,85.76
0525,0.0696885,71.5,70.39,73.52
0526,0.06745029,69.2,68.12,71.32
0527,0.09296946,95.39,93.9,96.46
0528,0.08249466,84.64,83.32,86.14
0529,0.09137694,93.75,92.29,94.89
0530,0.05995758,61.52,60.56,63.94
0531,0.08252012,84.67,83.35,86.16
0532,0.06517632,66.87,65.83,69.08
0533,0.07161014,73.47,72.33,75.42
0534,0.09369455,96.13,94.63,97.17
0535,0.08325591,85.42,84.09,86.89
0536,0.0855073,87.73,86.36,89.11
0537,0.06701683,68.76,67.69,70.89
0538,0.06921595,71.02,69.91,73.06
0539,0.06682535,68.56,67.49,70.7
0540,0.07174386,73.61,72.46,75.55
0541,0.06540174,67.1,66.06,69.3
0542,0.07709186,79.1,77.86,80.82
0543,0.08776016,90.04,88.64,91.33
0544,0.07500447,76.95,75.75,78.76
0545,0.0791551,81.21,79.95,82.85
0546,0.06690478,68.64,67.57,70.78
0547,0.08649305,88.74,87.36,90.08
0548,0.07117296,73.02,71.88,74.99
0549,0.07485664,76.8,75.61,78.61
0550,0.09159231,93.97,92.51,95.1
0551,0.05362077,55.01,54.16,57.69
0552,0.08286514,85.02,83.69,86.5
0553,0.07003226,71.85,70.73,73.86
0554,0.07310847,75.01,73.84,76.89
0555,0.09317129,95.59,94.1,96.66
0556,0.06786683,69.63,68.55,71.73
0557,0.07896358,81.02,79.75,82.66
0558,0.07415897,76.09,74.9,77.93
0559,0.06056717,62.14,61.17,64.54
0560,0.07659932,78.59,77.37,80.33
0561,0.07485074,76.8,75.6,78.61
0562,0.06678805,68.52,67.46,70.67
0563,0.06201624,63.63,62.64,65.96
0564,0.06543563,67.14,66.09,69.33
0565,0.08150274,83.62,82.32,85.16
0566,0.06583277,67.54,66.49,69.72
0567,0.05402937,55.43,54.57,58.09
0568,0.06927006,71.07,69.96,73.11
0569,0.07395764,75.88,74.7,77.73
0570,0.08552986,87.75,86.39,89.13
0571,0.08323134,85.4,84.06,86.87
0572,0.07856363,80.61,79.35,82.27
0573,0.07072182,72.56,71.43,74.54
0574,0.08064994,82.75,81.46,84.32
0575,0.06129137,62.88,61.9,65.25
0576,0.05976622,61.32,60.36,63.75
0577,0.07560015,77.57,76.36,79.35
0578,0.06597906,67.69,66.64,69.87
0579,0.07695571,78.96,77.73,80.68
0580,0.06862264,70.41,69.31,72.47
0581,0.08681787,89.08,87.69,90.4
0582,0.05975062,61.3,60.35,63.73
0583,0.08642328,88.67,87.29,90.01
0584,0.07494614,76.89,75.7,78.7
0585,0.07412175,76.05,74.86,77.89
0586,0.07830314,80.34,79.09,82.01
0587,0.08748248,89.76,88.36,91.05
0588,0.08776479,90.05,88.64,91.33
0589,0.08344918,85.62,84.28,87.08
0590,0.07768607,79.71,78.46,81.4
0591,0.0443014,45.45,44.74,48.51
0592,0.07266516,74.55,73.39,76.46
0593,0.07359367,75.51,74.33,77.37
0594,0.06936426,71.17,70.06,73.2
0595,0.05706185,58.55,57.63,61.08
0596,0.06529664,66.99,65.95,69.2
0597,0.08165094,83.77,82.47,85.31
0598,0.07292501,74.82,73.65,76.71
0599,0.0753506,77.31,76.1,79.1
0600,0.06790002,69.67,68.58,71.76
0601,0.06591302,67.63,66.57,69.8
0602,0.0722727,74.15,73.0,76.07
0603,0.07970256,81.77,80.5,83.39
0604,0.07694962,78.95,77.72,80.68
0605,0.07950586,81.57,80.3,83.19
0606,0.08424236,86.43,85.08,87.86
0607,0.07840748,80.45,79.19,82.11
0608,0.05488924,56.32,55.44,58.94
0609,0.07419018,76.12,74.93,77.96
0610,0.07153062,73.39,72.25,75.34
0611,0.07850876,80.55,79.29,82.21
0612,0.0771981,79.21,77.97,80.92
0613,0.06929555,71.1,69.99,73.14
0614,0.06330046,64.95,63.93,67.23
0615,0.08743318,89.71,88.31,91.01
0616,0.07050954,72.34,71.21,74.33
0617,0.07823947,80.27,79.02,81.95
0618,0.07647749,78.47,77.24,80.21
0619,0.07112008,72.97,71.83,74.93
0620,0.08985718,92.19,90.76,93.39
0621,0.08049314,82.59,81.3,84.17
0622,0.07223594,74.11,72.96,76.03
0623,0.06731825,69.07,67.99,71.19
0624,0.0762183,78.2,76.98,79.96
0625,0.06898346,70.78,69.67,72.83
0626,0.06094704,62.53,61.56,64.91
0627,0.08969673,92.03,90.59,93.24
0628,0.0946355,97.1,95.58,98.1
0629,0.07222324,74.1,72.95,76.02
0630,0.08323609,85.4,84.07,86.87
0631,0.08898547,91.3,89.88,92.53
0632,0.06489152,66.58,65.54,68.8
0633,0.07803374,80.06,78.81,81.74
0634,0.06831183,70.09,68.99,72.17
0635,0.09675297,99.27,97.72,100.19
0636,0.0659284,67.64,66.59,69.82
0637,0.05774768,59.25,58.33,61.76
0638,0.06800396,69.77,68.68,71.86
0639,0.06802874,69.8,68.71,71.89
0640,0.08470457,86.91,85.55,88.32
0641,0.06811927,69.89,68.8,71.98
0642,0.08652651,88.78,87.39,90.11
0643,0.0807475,82.85,81.55,84.42
0644,0.0729008,74.8,73.63,76.69
0645,0.06447195,66.15,65.12,68.38
0646,0.07383286,75.75,74.57,77.61
0647,0.07036026,72.19,71.06,74.18
0648,0.06209784,63.71,62.72,66.04
0649,0.08285513,85.01,83.68,86.49
0650,0.07994805,82.03,80.75,83.63
0651,0.06454821,66.23,65.19,68.46
0652,0.06457279,66.25,65.22,68.48
0653,0.07369108,75.61,74.43,77.47
0654,0.08581012,88.04,86.67,89.41
0655,0.07100427,72.85,71.71,74.82
0656,0.06032979,61.9,60.93,64.3
0657,0.07773531,79.76,78.51,81.45
0658,0.07559242,77.56,76.35,79.34
0659,0.10514643,107.88,106.2,108.46
0660,0.07147468,73.33,72.19,75.28
0661,0.10678277,109.56,107.85,110.07
0662,0.06111412,62.7,61.73,65.07
0663,0.06868808,70.47,69.37,72.54
0664,0.08964869,91.98,90.55,93.19
0665,0.09313767,95.56,94.07,96.63
0666,0.07892632,80.98,79.72,82.62
0667,0.07950916,81.58,80.3,83.2
0668,0.09496364,97.43,95.91,98.42
0669,0.07506132,77.01,75.81,78.82
0670,0.07897161,81.02,79.76,82.67
0671,0.06923719,71.04,69.93,73.08
0672,0.06618592,67.91,66.85,70.07
0673,0.06415864,65.83,64.8,68.07
0674,0.0938739,96.31,94.81,97.35
0675,0.07188466,73.75,72.6,75.69
0676,0.06891916,70.71,69.61,72.76
0677,0.0923482,94.75,93.27,95.85
0678,0.07722502,79.23,78.0,80.95
0679,0.08314446,85.31,83.98,86.78
0680,0.05975644,61.31,60.35,63.74
0681,0.07664246,78.64,77.41,80.37
0682,0.08524257,87.46,86.09,88.85
0683,0.06988458,71.7,70.58,73.72
0684,0.07774214,79.76,78.52,81.46
0685,0.08412823,86.32,84.97,87.75
0686,0.08052385,82.62,81.33,84.2
0687,0.06848959,70.27,69.17,72.34
0688,0.0827962,84.95,83.62,86.44
0689,0.07838028,80.42,79.16,82.09
0690,0.08943877,91.76,90.33,92.98
0691,0.06898594,70.78,69.68,72.83
0692,0.08012212,82.21,80.92,83.8
0693,0.06534194,67.04,66.0,69.24
0694,0.08277564,84.93,83.6,86.42
0695,0.07472279,76.67,75.47,78.48
0696,0.08197833,84.11,82.8,85.63
0697,0.07723105,79.24,78.0,80.95
0698,0.07584504,77.82,76.6,79.59
0699,0.08172223,83.85,82.54,85.38
0700,0.07757339,79.59,78.35,81.29
0701,0.06344169,65.09,64.08,67.37
0702,0.06768396,69.44,68.36,71.55
0703,0.07265052,74.54,73.38,76.44
0704,0.09526092,97.74,96.21,98.72
0705,0.10196841,104.62,102.99,105.33
0706,0.08371012,85.89,84.55,87.34
0707,0.05748274,58.98,58.06,61.5
0708,0.07773773,79.76,78.52,81.45
0709,0.07156902,73.43,72.28,75.38
0710,0.08035407,82.44,81.16,84.03
0711,0.06384485,65.5,64.48,67.77
0712,0.08897149,91.28,89.86,92.52
0713,0.07420353,76.13,74.95,77.97
0714,0.05899477,60.53,59.58,62.99
0715,0.07564406,77.61,76.4,79.39
0716,0.08856028,90.86,89.45,92.12
0717,0.05806864,59.58,58.65,62.07
0718,0.07852555,80.57,79.31,82.23
0719,0.0881936,90.49,89.08,91.75
0720,0.07146914,73.33,72.18,75.28
0721,0.07693569,78.94,77.71,80.66
0722,0.07035726,72.19,71.06,74.18
0723,0.10343781,106.13,104.47,106.77
0724,0.06477315,66.46,65.42,68.68
0725,0.09215024,94.55,93.07,95.65
0726,0.09430667,96.76,95.25,97.78
0727,0.07167622,73.54,72.39,75.48
0728,0.06372506,65.38,64.36,67.65
0729,0.08875225,91.06,89.64,92.3
0730,0.06842246,70.2,69.11,72.28
0731,0.09737656,99.91,98.35,100.8
0732,0.06979867,71.61,70.5,73.63
0733,0.08601079,88.25,86.87,89.6
0734,0.06716661,68.91,67.84,71.04
0735,0.07028931,72.12,70.99,74.11
0736,0.0679905,69.76,68.67,71.85
0737,0.05998683,61.55,60.59,63.96
0738,0.06713281,68.88,67.8,71.0
0739,0.07618857,78.17,76.95,79.93
0740,0.09611384,98.61,97.07,99.56
0741,0.07344371,75.35,74.18,77.22
0742,0.06843137,70.21,69.12,72.28
0743,0.06753777,69.29,68.21,71.4
0744,0.0801488,82.23,80.95,83.83
0745,0.08818588,90.48,89.07,91.75
0746,0.07671202,78.71,77.48,80.44
0747,0.08428147,86.47,85.12,87.9
0748,0.06747377,69.23,68.15,71.34
0749,0.09726693,99.8,98.24,100.69
0750,0.08735557,89.63,88.23,90.93
0751,0.0701776,72.0,70.88,74.0
0752,0.06416491,65.83,64.81,68.08
0753,0.07745377,79.47,78.23,81.17
0754,0.09390408,96.35,94.84,97.38
0755,0.0740753,76.0,74.82,77.84
0756,0.06735106,69.1,68.02,71.22
0757,0.07345777,75.37,74.19,77.24
0758,0.07248228,74.37,73.21,76.28
0759,0.08566776,87.9,86.52,89.27
0760,0.07251301,74.4,73.24,76.31
0761,0.09804071,100.59,99.02,101.46
0762,0.06245413,64.08,63.08,66.4
0763,0.07914561,81.2,79.94,82.84
0764,0.08852504,90.83,89.41,92.08
0765,0.07071672,72.56,71.42,74.54
0766,0.06728334,69.03,67.96,71.15
0767,0.06803489,69.8,68.72,71.89
0768,0.07279129,74.68,73.52,76.58
0769,0.06172797,63.33,62.35,65.68
0770,0.07435892,76.29,75.1,78.12
0771,0.07251708,74.4,73.24,76.31
0772,0.0653697,67.07,66.02,69.27
0773,0.06197312,63.58,62.59,65.92
0774,0.0529223,54.3,53.45,57.0
0775,0.05589287,57.35,56.45,59.93
0776,0.07739353,79.41,78.17,81.11
0777,0.06169823,63.3,62.32,65.65
0778,0.08676668,89.02,87.63,90.35
0779,0.06455852,66.24,65.2,68.47
0780,0.0661455,67.87,66.81,70.03
0781,0.09727062,99.8,98.24,100.7
0782,0.06514531,66.84,65.8,69.05
0783,0.07298237,74.88,73.71,76.77
0784,0.06773713,69.5,68.41,71.6
0785,0.07239193,74.27,73.12,76.19
0786,0.09598177,98.48,96.94,99.43
0787,0.08276678,84.92,83.59,86.41
0788,0.09294296,95.36,93.87,96.43
0789,0.06718077,68.93,67.85,71.05
0790,0.07181382,73.68,72.53,75.62
0791,0.06558227,67.29,66.24,69.48
0792,0.07217673,74.05,72.9,75.97
0793,0.07643191,78.42,77.2,80.17
0794,0.08019586,82.28,81.0,83.87
0795,0.08897048,91.28,89.86,92.52
0796,0.08376159,85.94,84.6,87.39
0797,0.0736638,75.58,74.4,77.44
0798,0.07698837,78.99,77.76,80.71
0799,0.07282364,74.72,73.55,76.61
0800,0.08390161,86.08,84.74,87.53
0801,0.07867643,80.72,79.46,82.38
0802,0.06585858,67.57,66.52,69.75
0803,0.08132156,83.44,82.13,84.98
0804,0.08477814,86.98,85.63,88.39
0805,0.08636916,88.61,87.23,89.96
0806,0.08247936,84.62,83.3,86.12
0807,0.07044226,72.27,71.15,74.27
0808,0.08932747,91.65,90.22,92.87
0809,0.07963679,81.71,80.43,83.32
0810,0.08126819,83.38,82.08,84.93
0811,0.06781575,69.58,68.49,71.68
0812,0.09013738,92.48,91.04,93.67
0813,0.09031569,92.66,91.22,93.85
0814,0.07169448,73.56,72.41,75.5
0815,0.06856166,70.34,69.25,72.41
0816,0.07441269,76.35,75.16,78.18
0817,0.07351913,75.43,74.25,77.3
0818,0.09998545,102.59,100.99,103.37
0819,0.05629585,57.76,56.86,60.33
0820,0.06777227,69.53,68.45,71.63
0821,0.07183832,73.71,72.56,75.64
0822,0.12070498,123.84,121.91,123.79
0823,0.09128817,93.66,92.2,94.8
0824,0.0806604,82.76,81.47,84.33
0825,0.08429049,86.48,85.13,87.91
0826,0.06450624,66.18,65.15,68.42
0827,0.05768022,59.18,58.26,61.69
0828,0.0615117,63.11,62.13,65.47
0829,0.06309161,64.73,63.72,67.02
0830,0.05773435,59.24,58.31,61.75
0831,0.06853487,70.32,69.22,72.39
0832,0.06420685,65.88,64.85,68.12
0833,0.05948026,61.03,60.08,63.47
0834,0.07227478,74.15,73.0,76.07
0835,0.06325798,64.9,63.89,67.19
0836,0.08953114,91.86,90.43,93.07
0837,0.06758127,69.34,68.26,71.45
0838,0.08630446,88.55,87.17,89.89
0839,0.07971593,81.79,80.51,83.4
0840,0.08270718,84.86,83.53,86.35
0841,0.08926683,91.59,90.16,92.81
0842,0.09663642,99.15,97.6,100.07
0843,0.08095643,83.06,81.77,84.62
0844,0.06325577,64.9,63.89,67.18
0845,0.06685085,68.59,67.52,70.73
0846,0.06877353,70.56,69.46,72.62
0847,0.08420484,86.39,85.05,87.82
0848,0.08054781,82.64,81.35,84.22
0849,0.06606968,67.79,66.73,69.96
0850,0.07124058,73.09,71.95,75.05
0851,0.08028161,82.37,81.08,83.96
0852,0.08754143,89.82,88.42,91.11
0853,0.07285402,74.75,73.58,76.64
0854,0.06796744,69.73,68.65,71.83
0855,0.08191059,84.04,82.73,85.56
0856,0.08509549,87.31,85.95,88.7
0857,0.0713918,73.25,72.11,75.2
0858,0.07202267,73.9,72.74,75.82
0859,0.07797615,80.0,78.76,81.69
0860,0.0668631,68.6,67.53,70.74
0861,0.06468531,66.37,65.33,68.59
0862,0.06272589,64.36,63.35,66.66
0863,0.06811896,69.89,68.8,71.98
0864,0.08356235,85.73,84.4,87.19
0865,0.06705284,68.8,67.72,70.93
0866,0.05878308,60.31,59.37,62.78
0867,0.06575467,67.46,66.41,69.65
0868,0.06248763,64.11,63.11,66.43
0869,0.07208901,73.96,72.81,75.89
0870,0.06985182,71.67,70.55,73.68
0871,0.09540287,97.88,96.36,98.86
0872,0.08946445,91.79,90.36,93.01
0873,0.07889838,80.95,79.69,82.6
0874,0.07380639,75.73,74.54,77.58
0875,0.08760969,89.89,88.49,91.18
0876,0.07428388,76.22,75.03,78.05
0877,0.0954971,97.98,96.45,98.95
0878,0.08220543,84.34,83.03,85.85
0879,0.06252368,64.15,63.15,66.46
0880,0.07634422,78.33,77.11,80.08
0881,0.09939461,101.98,100.39,102.79
0882,0.07366679,75.58,74.4,77.44
0883,0.06557755,67.28,66.23,69.47
0884,0.06642003,68.15,67.08,70.3
0885,0.06645854,68.19,67.12,70.34
0886,0.07257955,74.47,73.31,76.37
0887,0.07291156,74.81,73.64,76.7
0888,0.08103045,83.14,81.84,84.7
0889,0.07049432,72.33,71.2,74.32
0890,0.08507165,87.28,85.92,88.68
0891,0.07492685,76.87,75.68,78.68
0892,0.07000978,71.83,70.71,73.84
0893,0.08130226,83.42,82.12,84.96
0894,0.0788227,80.87,79.61,82.52
0895,0.10512889,107.86,106.18,108.44
0896,0.07542652,77.39,76.18,79.18
0897,0.05949694,61.04,60.09,63.48
0898,0.07200667,73.88,72.73,75.81
0899,0.08000443,82.08,80.8,83.69
0900,0.08459775,86.8,85.44,88.21
0901,0.07469286,76.63,75.44,78.45
0902,0.0630491,64.69,63.68,66.98
0903,0.07422417,76.15,74.97,77.99
0904,0.06790516,69.67,68.58,71.77
0905,0.08294753,85.1,83.78,86.59
0906,0.07939672,81.46,80.19,83.09
0907,0.07069808,72.54,71.41,74.52
0908,0.07671026,78.7,77.48,80.44
0909,0.07311984,75.02,73.85,76.9
0910,0.06768031,69.44,68.36,71.54
0911,0.07680217,78.8,77.57,80.53
0912,0.10017644,102.78,101.18,103.56
0913,0.05870804,60.23,59.3,62.7
0914,0.08064096,82.74,81.45,84.31
0915,0.04759142,48.83,48.07,51.75
0916,0.06625946,67.98,66.92,70.14
0917,0.07888109,80.93,79.67,82.58
0918,0.06585739,67.57,66.52,69.75
0919,0.07681275,78.81,77.58,80.54
0920,0.06275745,64.39,63.39,66.69
0921,0.08567779,87.91,86.53,89.28
0922,0.09059812,92.95,91.5,94.12
0923,0.08038937,82.48,81.19,84.07
0924,0.08560366,87.83,86.46,89.2
0925,0.08257958,84.73,83.41,86.22
0926,0.08079743,82.9,81.61,84.47
0927,0.07381846,75.74,74.56,77.59
0928,0.05432391,55.74,54.87,58.39
0929,0.07068847,72.53,71.4,74.51
0930,0.05547852,56.92,56.03,59.52
0931,0.06337707,65.02,64.01,67.3
0932,0.08742665,89.7,88.3,91.0
0933,0.06813196,69.9,68.81,71.99
0934,0.07194002,73.81,72.66,75.74
0935,0.06940012,71.2,70.09,73.24
0936,0.06178896,63.4,62.41,65.74
0937,0.07983688,81.91,80.64,83.52
0938,0.08289871,85.05,83.73,86.54
0939,0.08510972,87.32,85.96,88.72
0940,0.06088161,62.46,61.49,64.85
0941,0.06745573,69.21,68.13,71.32
0942,0.07231736,74.2,73.04,76.11
0943,0.06835145,70.13,69.03,72.21
0944,0.09727896,99.81,98.25,100.71
0945,0.07740894,79.42,78.18,81.13
0946,0.0899481,92.29,90.85,93.48
0947,0.09007313,92.42,90.97,93.61
0948,0.07260048,74.49,73.33,76.39
0949,0.09824376,100.8,99.23,101.66
0950,0.07024954,72.08,70.95,74.08
0951,0.0559094,57.36,56.47,59.95
0952,0.09091361,93.28,91.82,94.43
0953,0.08175603,83.88,82.57,85.41
0954,0.08005753,82.14,80.86,83.74
0955,0.05898669,60.52,59.58,62.98
0956,0.05937931,60.92,59.97,63.37
0957,0.07183383,73.7,72.55,75.64
0958,0.06183893,63.45,62.46,65.79
0959,0.0941119,96.56,95.05,97.59
0960,0.09382669,96.27,94.76,97.3
0961,0.1024449,105.11,103.47,105.79
0962,0.06949077,71.3,70.19,73.33
0963,0.06430259,65.97,64.95,68.22
0964,0.06356623,65.22,64.2,67.49
0965,0.07345138,75.36,74.19,77.23
0966,0.07932304,81.39,80.12,83.01
0967,0.07713851,79.14,77.91,80.86
0968,0.05617115,57.63,56.73,60.21
0969,0.06491306,66.6,65.56,68.82
0970,0.06336761,65.02,64.0,67.3
0971,0.07067842,72.52,71.39,74.5
0972,0.06006271,61.62,60.66,64.04
0973,0.06262515,64.25,63.25,66.56
0974,0.05585444,57.31,56.41,59.89
0975,0.08265904,84.81,83.49,86.3
0976,0.07146715,73.33,72.18,75.28
0977,0.07562104,77.59,76.38,79.37
0978,0.06800044,69.77,68.68,71.86
0979,0.08407598,86.26,84.92,87.7
0980,0.07062309,72.46,71.33,74.44
0981,0.06883451,70.62,69.52,72.68
0982,0.09406249,96.51,95.0,97.54
0983,0.06948217,71.29,70.18,73.32
0984,0.06732296,69.07,68.0,71.19
0985,0.08888471,91.2,89.77,92.44
0986,0.08134242,83.46,82.16,85.0
0987,0.07812238,80.15,78.9,81.83
0988,0.0719841,73.86,72.7,75.78
0989,0.06473623,66.42,65.38,68.64
0990,0.06242646,64.05,63.05,66.37
0991,0.0906116,92.97,91.52,94.14
0992,0.07346822,75.38,74.2,77.25
0993,0.07098878,72.83,71.7,74.8
0994,0.07714778,79.15,77.92,80.87
0995,0.06528631,66.98,65.94,69.19
0996,0.07781238,79.84,78.59,81.53
0997,0.08317193,85.33,84.0,86.81
0998,0.06983813,71.65,70.54,73.67
0999,0.07452355,76.46,75.27,78.29
1000,0.0806218,82.72,81.43,84.29
1001,0.06690261,68.64,67.57,70.78
1002,0.07012181,71.94,70.82,73.95
1003,0.06849774,70.28,69.18,72.35
1004,0.06390658,65.57,64.55,67.83
1005,0.07642514,78.41,77.19,80.16
1006,0.08158702,83.71,82.4,85.25
1007,0.0766495,78.64,77.42,80.38
1008,0.07383674,75.76,74.58,77.61
1009,0.06778515,69.55,68.46,71.65
1010,0.07153251,73.39,72.25,75.34
1011,0.07656431,78.55,77.33,80.3
1012,0.07902973,81.08,79.82,82.73
1013,0.07630927,78.29,77.07,80.05
1014,0.07577407,77.74,76.53,79.52
1015,0.06999353,71.81,70.69,73.82
1016,0.07551283,77.48,76.27,79.26
1017,0.06917447,70.97,69.87,73.02
1018,0.071455,73.31,72.17,75.26
1019,0.09690863,99.43,97.88,100.34
1020,0.06549955,67.2,66.15,69.4
1021,0.08311335,85.27,83.94,86.75
1022,0.09849918,101.06,99.48,101.91
1023,0.06462815,66.31,65.27,68.54
1024,0.07255009,74.44,73.28,76.34
1025,0.06532342,67.02,65.98,69.22
1026,0.06044233,62.01,61.05,64.41
1027,0.06988797,71.71,70.59,73.72
1028,0.09101015,93.38,91.92,94.53
1029,0.08187439,84.0,82.69,85.53
1030,0.06384492,65.5,64.48,67.77
1031,0.09154975,93.93,92.47,95.06
1032,0.10757273,110.37,108.65,110.85
1033,0.08893501,91.25,89.82,92.48
1034,0.0680553,69.82,68.74,71.91
1035,0.06058783,62.16,61.19,64.56
1036,0.0744787,76.42,75.22,78.24
1037,0.08951566,91.84,90.41,93.06
1038,0.07226245,74.14,72.99,76.06
1039,0.06331725,64.96,63.95,67.25
1040,0.06272808,64.36,63.36,66.67
1041,0.07558189,77.55,76.34,79.33
1042,0.07111426,72.96,71.83,74.93
1043,0.08242562,84.57,83.25,86.07
1044,0.06861259,70.4,69.3,72.46
1045,0.09076756,93.13,91.68,94.29
1046,0.08144996,83.57,82.26,85.11
1047,0.08255883,84.71,83.38,86.2
1048,0.09633474,98.84,97.3,99.78
1049,0.05926216,60.8,59.85,63.25
1050,0.06560788,67.31,66.26,69.5
1051,0.05518942,56.62,55.74,59.24
1052,0.06831609,70.09,69.0,72.17
1053,0.06236823,63.99,62.99,66.31
1054,0.07278212,74.67,73.51,76.57
1055,0.08079242,82.89,81.6,84.46
1056,0.06842065,70.2,69.1,72.27
1057,0.08378848,85.97,84.63,87.41
1058,0.07437244,76.31,75.12,78.14
1059,0.07298062,74.88,73.71,76.77
1060,0.08595151,88.19,86.81,89.55
1061,0.08326579,85.43,84.1,86.9
1062,0.09432284,96.78,95.27,97.79
1063,0.08834199,90.64,89.23,91.9
1064,0.06917585,70.97,69.87,73.02
1065,0.06325227,64.9,63.88,67.18
1066,0.06494163,66.63,65.59,68.85
1067,0.062097,63.71,62.72,66.04
1068,0.08354839,85.72,84.38,87.18
1069,0.07748546,79.5,78.26,81.2
1070,0.05174006,53.09,52.26,55.84
1071,0.0857276,87.96,86.58,89.32
1072,0.06900272,70.8,69.69,72.85
1073,0.06784278,69.61,68.52,71.7
1074,0.06836517,70.14,69.05,72.22
1075,0.07931534,81.38,80.11,83.01
1076,0.07512755,77.08,75.88,78.88
1077,0.07179198,73.66,72.51,75.6
1078,0.0798715,81.95,80.67,83.56
1079,0.07667141,78.66,77.44,80.4
1080,0.08525681,87.47,86.11,88.86
1081,0.08001046,82.09,80.81,83.69
1082,0.07293655,74.83,73.67,76.72
1083,0.06970336,71.52,70.4,73.54
1084,0.06485419,66.54,65.5,68.76
1085,0.06843877,70.22,69.12,72.29
1086,0.09421592,96.67,95.16,97.69
1087,0.07345021,75.36,74.18,77.23
1088,0.08212759,84.26,82.95,85.78
1089,0.06579193,67.5,66.45,69.68
1090,0.0714161,73.27,72.13,75.22
1091,0.0774333,79.45,78.21,81.15
1092,0.07333292,75.24,74.07,77.11
1093,0.05847303,59.99,59.06,62.47
1094,0.07176458,73.63,72.48,75.57
1095,0.08047226,82.56,81.28,84.15
1096,0.07317487,75.08,73.91,76.96
1097,0.07869017,80.74,79.48,82.39
1098,0.06954786,71.36,70.24,73.38
1099,0.08190465,84.03,82.72,85.56
1100,0.06805217,69.82,68.73,71.91
1101,0.09659215,99.1,97.56,100.03
1102,0.07871662,80.76,79.5,82.42
1103,0.07441323,76.35,75.16,78.18
1104,0.07033197,72.16,71.04,74.16
1105,0.06637822,68.1,67.04,70.26
1106,0.07329582,75.2,74.03,77.08
1107,0.0784931,80.53,79.28,82.2
1108,0.08222618,84.36,83.05,85.88
1109,0.08418562,86.37,85.03,87.81
1110,0.06394436,65.61,64.58,67.86
1111,0.07261178,74.5,73.34,76.4
1112,0.07882936,80.88,79.62,82.53
1113,0.07772045,79.74,78.5,81.44
1114,0.06828135,70.06,68.96,72.14
1115,0.0626671,64.3,63.29,66.61
1116,0.08745995,89.73,88.33,91.03
1117,0.07414172,76.07,74.88,77.91
1118,0.07189833,73.77,72.62,75.7
1119,0.06882983,70.62,69.52,72.68
1120,0.0850137,87.22,85.86,88.62
1121,0.06467775,66.36,65.32,68.59
1122,0.05204771,53.4,52.57,56.14
1123,0.06291284,64.55,63.54,66.85
1124,0.06285264,64.49,63.48,66.79
1125,0.07320391,75.11,73.94,76.99
1126,0.06859561,70.38,69.28,72.45
1127,0.09777475,100.32,98.75,101.19
1128,0.07771611,79.74,78.49,81.43
1129,0.06772627,69.49,68.4,71.59
1130,0.075018,76.97,75.77,78.77
1131,0.09517606,97.65,96.13,98.63
1132,0.0773402,79.35,78.11,81.06
1133,0.07587825,77.85,76.64,79.62
1134,0.05355705,54.95,54.09,57.63
1135,0.07102036,72.87,71.73,74.83
1136,0.08325227,85.42,84.08,86.89
1137,0.0730184,74.92,73.75,76.8
1138,0.07388801,75.81,74.63,77.66
1139,0.08672423,88.98,87.59,90.31
1140,0.11059879,113.47,111.7,113.83
1141,0.07289965,74.8,73.63,76.69
1142,0.0802871,82.37,81.09,83.96
1143,0.07676685,78.76,77.53,80.5
1144,0.0698894,71.71,70.59,73.72
1145,0.07241438,74.3,73.14,76.21
1146,0.07482376,76.77,75.57,78.58
1147,0.07753102,79.55,78.31,81.25
1148,0.07643784,78.43,77.2,80.17
1149,0.08321833,85.38,84.05,86.85
1150,0.08984495,92.18,90.74,93.38
1151,0.07583482,77.81,76.59,79.58
1152,0.07740813,79.42,78.18,81.13
1153,0.08075073,82.85,81.56,84.42
1154,0.0688931,70.68,69.58,72.74
1155,0.07533334,77.29,76.09,79.08
1156,0.07290417,74.8,73.63,76.69
1157,0.07112121,72.97,71.83,74.93
1158,0.07104353,72.89,71.75,74.86
1159,0.07728583,79.3,78.06,81.01
1160,0.07858138,80.62,79.37,82.28
1161,0.06875507,70.54,69.44,72.6
1162,0.08969028,92.02,90.59,93.23
1163,0.08424502,86.44,85.09,87.86
1164,0.07495734,76.91,75.71,78.71
1165,0.06981777,71.63,70.52,73.65
1166,0.08756385,89.84,88.44,91.13
1167,0.06907631,70.87,69.77,72.92
1168,0.08061352,82.71,81.42,84.29
1169,0.07512652,77.08,75.88,78.88
1170,0.06714006,68.89,67.81,71.01
1171,0.07025734,72.08,70.96,74.08
1172,0.06952055,71.33,70.22,73.36
1173,0.09649297,99.0,97.46,99.93
1174,0.05757391,59.07,58.15,61.59
1175,0.07607123,78.05,76.83,79.81
1176,0.06592695,67.64,66.59,69.82
1177,0.0652438,66.94,65.9,69.14
1178,0.08029897,82.39,81.1,83.98
1179,0.07118754,73.04,71.9,75.0
1180,0.07198033,73.85,72.7,75.78
1181,0.08068389,82.78,81.49,84.36
1182,0.07735561,79.37,78.13,81.08
1183,0.0696271,71.44,70.32,73.46
1184,0.07981281,81.89,80.61,83.5
1185,0.09511446,97.59,96.07,98.57
1186,0.05517434,56.61,55.73,59.22
1187,0.06556555,67.27,66.22,69.46
1188,0.07176076,73.63,72.48,75.56
1189,0.08585145,88.08,86.71,89.45
1190,0.06571267,67.42,66.37,69.61
1191,0.07996992,82.05,80.77,83.65
1192,0.08953524,91.86,90.43,93.08
1193,0.0648351,66.52,65.48,68.74
1194,0.06995437,71.77,70.65,73.78
1195,0.09238962,94.79,93.31,95.89
1196,0.07796518,79.99,78.74,81.68
1197,0.05978074,61.34,60.38,63.76
1198,0.08423214,86.42,85.07,87.85
1199,0.08551443,87.74,86.37,89.11
1200,0.07580806,77.78,76.57,79.55
1201,0.0892604,91.58,90.15,92.81
1202,0.08117413,83.28,81.99,84.84
1203,0.08070894,82.81,81.52,84.38
1204,0.07857896,80.62,79.36,82.28
1205,0.07935975,81.42,80.15,83.05
1206,0.06618455,67.91,66.85,70.07
1207,0.1112051,114.1,112.32,114.43
1208,0.06007558,61.64,60.68,64.05
1209,0.07009725,71.92,70.8,73.93
1210,0.07024865,72.08,70.95,74.07
1211,0.06678106,68.52,67.45,70.66
1212,0.07465139,76.59,75.4,78.41
1213,0.088771,91.08,89.66,92.32
1214,0.07399258,75.92,74.73,77.76
1215,0.06585066,67.56,66.51,69.74
1216,0.06825143,70.03,68.93,72.11
1217,0.0799592,82.04,80.76,83.64
1218,0.08742187,89.69,88.3,90.99
1219,0.09102403,93.39,91.93,94.54
1220,0.09142989,93.81,92.34,94.94
1221,0.08277597,84.93,83.6,86.42
1222,0.06099775,62.58,61.61,64.96
1223,0.05511591,56.55,55.67,59.17
1224,0.07354651,75.46,74.28,77.32
1225,0.08139795,83.51,82.21,85.06
1226,0.05568811,57.14,56.24,59.73
1227,0.08067693,82.77,81.48,84.35
1228,0.09021703,92.56,91.12,93.75
1229,0.05756406,59.06,58.14,61.58
1230,0.0847054,86.91,85.55,88.32
1231,0.0714177,73.27,72.13,75.23
1232,0.07230179,74.18,73.02,76.1
1233,0.05994563,61.5,60.55,63.92
1234,0.06513205,66.83,65.78,69.03
1235,0.09176848,94.15,92.69,95.28
1236,0.08004391,82.13,80.84,83.73
1237,0.09505541,97.53,96.01,98.51
1238,0.09758576,100.12,98.56,101.01
1239,0.07119007,73.04,71.9,75.0
1240,0.06158056,63.18,62.2,65.53
1241,0.05895149,60.48,59.54,62.94
1242,0.07337544,75.28,74.11,77.16
1243,0.07837568,80.41,79.16,82.08
1244,0.05900723,60.54,59.6,63.0
1245,0.06304485,64.68,63.68,66.98
1246,0.07200879,73.88,72.73,75.81
1247,0.0650296,66.72,65.68,68.93
1248,0.07134214,73.2,72.06,75.15
1249,0.06900854,70.8,69.7,72.85
1250,0.07883496,80.88,79.62,82.53
1251,0.06701585,68.76,67.69,70.89
1252,0.06337953,65.03,64.01,67.31
1253,0.07755292,79.57,78.33,81.27
1254,0.09817089,100.72,99.15,101.58
1255,0.07124187,73.09,71.95,75.05
1256,0.05786352,59.37,58.44,61.87
1257,0.08205099,84.18,82.87,85.7
1258,0.07522432,77.18,75.98,78.98
1259,0.05286995,54.24,53.4,56.95
1260,0.07012807,71.95,70.83,73.96
1261,0.10671487,109.49,107.78,110.0
1262,0.07303547,74.93,73.77,76.82
1263,0.10584446,108.6,106.9,109.14
1264,0.06957454,71.38,70.27,73.41
1265,0.07217187,74.05,72.89,75.97
1266,0.08003958,82.12,80.84,83.72
1267,0.08185319,83.98,82.67,85.51
1268,0.06651138,68.24,67.18,70.39
1269,0.06534902,67.05,66.0,69.25
1270,0.0520913,53.45,52.61,56.19
1271,0.08055722,82.65,81.36,84.23
1272,0.06590478,67.62,66.56,69.79
1273,0.06120981,62.8,61.82,65.17
1274,0.06839973,70.18,69.08,72.25
1275,0.0687812,70.57,69.47,72.63
1276,0.06674235,68.48,67.41,70.62
1277,0.07698099,78.98,77.75,80.71
1278,0.05942996,60.98,60.02,63.42
1279,0.07058458,72.42,71.29,74.41
1280,0.07742104,79.43,78.2,81.14
1281,0.06904226,70.84,69.73,72.89
1282,0.08321199,85.38,84.04,86.85
1283,0.06985788,71.67,70.56,73.69
1284,0.06633077,68.06,66.99,70.21
1285,0.07498603,76.94,75.74,78.74
1286,0.08031273,82.4,81.12,83.99
1287,0.07696323,78.96,77.73,80.69
1288,0.08225439,84.39,83.08,85.9
1289,0.07433518,76.27,75.08,78.1
1290,0.08163251,83.75,82.45,85.29
1291,0.08150759,83.63,82.32,85.17
1292,0.08175385,83.88,82.57,85.41
1293,0.07513552,77.09,75.89,78.89
1294,0.09251839,94.92,93.44,96.02
1295,0.09525033,97.73,96.2,98.71
1296,0.08842666,90.73,89.31,91.98
1297,0.08240548,84.55,83.23,86.05
1298,0.09574028,98.23,96.7,99.19
1299,0.08098404,83.09,81.79,84.65
1300,0.10031174,102.92,101.31,103.69
1301,0.07306188,74.96,73.79,76.85
1302,0.0828973,85.05,83.73,86.54
1303,0.07585042,77.82,76.61,79.59
1304,0.05641892,57.89,56.98,60.45
1305,0.07613481,78.11,76.9,79.87
1306,0.06729724,69.05,67.97,71.17
1307,0.09526254,97.74,96.22,98.72
1308,0.06115858,62.75,61.77,65.12
1309,0.06526414,66.96,65.92,69.16
1310,0.10024659,102.85,101.25,103.63
1311,0.07715651,79.16,77.93,80.88
1312,0.09256969,94.98,93.5,96.07
1313,0.08384431,86.02,84.68,87.47
1314,0.07834641,80.38,79.13,82.05
1315,0.07821883,80.25,79.0,81.93
1316,0.06050798,62.08,61.11,64.48
1317,0.08028312,82.37,81.09,83.96
1318,0.07225088,74.13,72.97,76.05
1319,0.07306783,74.97,73.8,76.85
1320,0.06917504,70.97,69.87,73.02
1321,0.0590553,60.59,59.65,63.05
1322,0.07690602,78.91,77.68,80.63
1323,0.07378613,75.7,74.52,77.56
1324,0.07185042,73.72,72.57,75.65
1325,0.07170634,73.57,72.42,75.51
1326,0.07880102,80.85,79.59,82.5
1327,0.07861582,80.66,79.4,82.32
1328,0.09588939,98.38,96.85,99.34
1329,0.09500701,97.48,95.96,98.47
1330,0.07885151,80.9,79.64,82.55
1331,0.07812028,80.15,78.9,81.83
1332,0.0772347,79.24,78.01,80.96
1333,0.08165987,83.78,82.48,85.32
1334,0.07428478,76.22,75.03,78.05
1335,0.06463848,66.32,65.28,68.55
1336,0.08567752,87.91,86.53,89.28
1337,0.07221982,74.1,72.94,76.02
1338,0.0736572,75.57,74.39,77.43
1339,0.07234615,74.23,73.07,76.14
1340,0.0663669,68.09,67.03,70.25
1341,0.06485678,66.54,65.51,68.76
1342,0.05474572,56.17,55.29,58.8
1343,0.07970392,81.78,80.5,83.39
1344,0.08126646,83.38,82.08,84.93
1345,0.09074188,93.1,91.65,94.26
1346,0.09859695,101.16,99.58,102.0
1347,0.0804561,82.55,81.26,84.13
1348,0.08279263,84.95,83.62,86.43
1349,0.05563579,57.08,56.19,59.68
1350,0.05404023,55.45,54.58,58.11
1351,0.07682683,78.82,77.6,80.56
1352,0.07350321,75.41,74.24,77.28
1353,0.07954245,81.61,80.34,83.23
1354,0.07822,80.25,79.0,81.93
1355,0.0853757,87.6,86.23,88.98
1356,0.06590264,67.62,66.56,69.79
1357,0.09149754,93.88,92.41,95.01
1358,0.06653059,68.26,67.2,70.41
1359,0.07974989,81.82,80.55,83.44
1360,0.0656066,67.31,66.26,69.5
1361,0.0794101,81.47,80.2,83.1
1362,0.05515095,56.58,55.7,59.2
1363,0.06969211,71.5,70.39,73.53
1364,0.08178398,83.91,82.6,85.44
1365,0.08648275,88.73,87.35,90.07
1366,0.07007085,71.89,70.77,73.9
1367,0.06230484,63.92,62.93,66.25
1368,0.0669536,68.69,67.62,70.83
1369,0.04817337,49.43,48.66,52.33
1370,0.06577067,67.48,66.43,69.66
1371,0.07202881,73.9,72.75,75.83
1372,0.06849209,70.27,69.18,72.34
1373,0.06363511,65.29,64.27,67.56
1374,0.07858993,80.63,79.38,82.29
1375,0.06215914,63.78,62.78,66.1
1376,0.05671758,58.19,57.28,60.74
1377,0.06769974,69.46,68.38,71.56
1378,0.07934582,81.41,80.14,83.04
1379,0.06012435,61.69,60.73,64.1
1380,0.06925946,71.06,69.95,73.1
1381,0.06153713,63.14,62.15,65.49
1382,0.06815844,69.93,68.84,72.02
1383,0.07972667,81.8,80.52,83.41
1384,0.07761837,79.64,78.39,81.34
1385,0.07617229,78.15,76.93,79.91
1386,0.0604937,62.07,61.1,64.46
1387,0.05988609,61.44,60.48,63.87
1388,0.08622229,88.46,87.08,89.81
1389,0.08250212,84.65,83.33,86.15
1390,0.07334985,75.26,74.08,77.13
1391,0.08702245,89.29,87.89,90.6
1392,0.0649956,66.69,65.65,68.9
1393,0.06906146,70.86,69.75,72.9
1394,0.07799865,80.03,78.78,81.71
1395,0.05752046,59.02,58.1,61.53
1396,0.06173023,63.34,62.35,65.68
1397,0.06015587,61.72,60.76,64.13
1398,0.0683414,70.12,69.02,72.2
1399,0.06623513,67.96,66.9,70.12
1400,0.08857087,90.87,89.46,92.13
1401,0.0738009,75.72,74.54,77.57
1402,0.08482189,87.03,85.67,88.43
1403,0.07300449,74.9,73.73,76.79
1404,0.08014722,82.23,80.95,83.83
1405,0.06160393,63.21,62.22,65.56
1406,0.08346828,85.64,84.3,87.1
1407,0.07226005,74.14,72.98,76.06
1408,0.09038932,92.74,91.29,93.92
1409,0.07547544,77.44,76.23,79.22
1410,0.06585213,67.56,66.51,69.74
1411,0.07280061,74.69,73.53,76.59
1412,0.07126402,73.12,71.98,75.07
1413,0.07954024,81.61,80.34,83.23
1414,0.06861215,70.4,69.3,72.46
1415,0.0542453,55.66,54.79,58.31
1416,0.07941555,81.48,80.21,83.11
1417,0.09538762,97.87,96.34,98.84
1418,0.08278996,84.94,83.62,86.43
1419,0.06569329,67.4,66.35,69.59
1420,0.08893119,91.24,89.82,92.48
1421,0.08751493,89.79,88.39,91.09
1422,0.07842311,80.46,79.21,82.13
1423,0.08316123,85.32,83.99,86.8
1424,0.06680374,68.54,67.47,70.68
1425,0.06560835,67.31,66.26,69.5
1426,0.08210039,84.23,82.92,85.75
1427,0.0617379,63.34,62.36,65.69
1428,0.07545319,77.41,76.21,79.2
1429,0.0834632,85.63,84.3,87.09
1430,0.09007817,92.42,90.98,93.61
1431,0.08109634,83.2,81.91,84.76
1432,0.09968734,102.28,100.68,103.08
1433,0.07875058,80.8,79.54,82.45
1434,0.07104617,72.89,71.76,74.86
1435,0.05661406,58.09,57.18,60.64
1436,0.07242576,74.31,73.15,76.22
1437,0.07356453,75.48,74.3,77.34
1438,0.06987195,71.69,70.57,73.7
1439,0.08315609,85.32,83.99,86.79
1440,0.07410635,76.03,74.85,77.88
1441,0.07551333,77.48,76.27,79.26
1442,0.07023155,72.06,70.93,74.06
1443,0.05625406,57.72,56.82,60.29
1444,0.07157983,73.44,72.3,75.39
1445,0.07840541,80.44,79.19,82.11
1446,0.07758143,79.6,78.36,81.3
1447,0.05110644,52.44,51.62,55.22
1448,0.07814039,80.17,78.92,81.85
1449,0.07697796,78.98,77.75,80.7
1450,0.07394039,75.86,74.68,77.71
1451,0.07300654,74.9,73.74,76.79
1452,0.08586359,88.1,86.72,89.46
1453,0.06104355,62.63,61.65,65.01
1454,0.0795296,81.6,80.32,83.22
1455,0.0755352,77.5,76.29,79.28
1456,0.07124931,73.1,71.96,75.06
1457,0.08672914,88.98,87.6,90.31
1458,0.07268197,74.57,73.41,76.47
1459,0.0873995,89.67,88.27,90.97
1460,0.07266714,74.56,73.39,76.46
1461,0.04657433,47.79,47.04,50.75
1462,0.06392092,65.58,64.56,67.84
1463,0.10450843,107.23,105.55,107.83
1464,0.09292374,95.34,93.85,96.41
1465,0.06717765,68.92,67.85,71.05
1466,0.07754954,79.57,78.33,81.27
1467,0.07486493,76.81,75.61,78.62
1468,0.06865572,70.44,69.34,72.51
1469,0.08436579,86.56,85.21,87.98
1470,0.07375458,75.67,74.49,77.53
1471,0.07947675,81.54,80.27,83.17
1472,0.07184272,73.71,72.56,75.65
1473,0.06596779,67.68,66.63,69.86
1474,0.07904856,81.1,79.84,82.74
1475,0.07163967,73.5,72.36,75.44
1476,0.05247918,53.84,53.0,56.57
1477,0.08021314,82.3,81.02,83.89
1478,0.07036417,72.19,71.07,74.19
1479,0.08061657,82.71,81.42,84.29
1480,0.07446583,76.4,75.21,78.23
1481,0.07777949,79.8,78.56,81.49
1482,0.06702881,68.77,67.7,70.9
1483,0.0583684,59.89,58.95,62.37
1484,0.06588539,67.6,66.54,69.78
1485,0.05858852,60.11,59.17,62.59
1486,0.05592174,57.38,56.48,59.96
1487,0.07835561,80.39,79.14,82.06
1488,0.05774563,59.25,58.32,61.76
1489,0.06231294,63.93,62.94,66.26
1490,0.07246568,74.35,73.19,76.26
1491,0.07836268,80.4,79.15,82.07
1492,0.08600222,88.24,86.86,89.6
1493,0.07699305,78.99,77.76,80.72
1494,0.0784214,80.46,79.21,82.13
1495,0.07555936,77.52,76.31,79.31
1496,0.07468545,76.63,75.43,78.45
1497,0.06970422,71.52,70.4,73.54
1498,0.07974385,81.82,80.54,83.43
1499,0.0690408,70.84,69.73,72.88
1500,0.05834769,59.86,58.93,62.35
1501,0.08012651,82.21,80.93,83.81
1502,0.0763083,78.29,77.07,80.04
1503,0.1021592,104.82,103.18,105.51
1504,0.07822179,80.26,79.0,81.93
1505,0.08665834,88.91,87.52,90.24
1506,0.06252613,64.15,63.15,66.47
1507,0.08174049,83.87,82.56,85.4
1508,0.0662507,67.97,66.91,70.14
1509,0.08748069,89.76,88.36,91.05
1510,0.08186957,84.0,82.69,85.52
1511,0.09940217,101.99,100.4,102.8
1512,0.06542345,67.12,66.08,69.32
1513,0.06708553,68.83,67.76,70.96
1514,0.09633426,98.84,97.3,99.77
1515,0.07517721,77.13,75.93,78.93
1516,0.07318283,75.09,73.91,76.97
1517,0.09533473,97.81,96.29,98.79
1518,0.09382541,96.26,94.76,97.3
1519,0.06365106,65.31,64.29,67.57
1520,0.0805564,82.65,81.36,84.23
1521,0.07818373,80.22,78.97,81.89
1522,0.07641334,78.4,77.18,80.15
1523,0.08550278,87.73,86.36,89.1
1524,0.07252448,74.41,73.25,76.32
1525,0.06682786,68.57,67.5,70.7
1526,0.07248075,74.37,73.21,76.27
1527,0.0869395,89.2,87.81,90.52
1528,0.06959413,71.4,70.29,73.43
1529,0.06356546,65.22,64.2,67.49
1530,0.07057237,72.41,71.28,74.39
1531,0.08036731,82.46,81.17,84.04
1532,0.05966407,61.22,60.26,63.65
1533,0.07013091,71.95,70.83,73.96
1534,0.0546997,56.12,55.25,58.76
1535,0.06495756,66.65,65.61,68.86
1536,0.08739751,89.67,88.27,90.97
1537,0.07705409,79.06,77.82,80.78
1538,0.06156324,63.16,62.18,65.52
1539,0.0947447,97.21,95.69,98.21
1540,0.05082888,52.15,51.34,54.94
1541,0.07816716,80.2,78.95,81.88
1542,0.06788139,69.65,68.56,71.74
1543,0.07807527,80.11,78.86,81.79
1544,0.08452658,86.72,85.37,88.14
1545,0.08849617,90.8,89.38,92.05
1546,0.08867084,90.98,89.56,92.22
1547,0.08950047,91.83,90.4,93.04
1548,0.09740989,99.94,98.38,100.83
1549,0.06550696,67.21,66.16,69.4
1550,0.06164517,63.25,62.26,65.6
1551,0.07311191,75.01,73.84,76.9
1552,0.07840357,80.44,79.19,82.11
1553,0.07940074,81.47,80.19,83.09
1554,0.08027591,82.36,81.08,83.95
1555,0.07092422,72.77,71.63,74.74
1556,0.05793305,59.44,58.51,61.94
1557,0.08875912,91.07,89.65,92.31
1558,0.07502708,76.98,75.78,78.78
1559,0.07271744,74.61,73.44,76.51
1560,0.0881098,90.4,88.99,91.67
1561,0.08758741,89.86,88.46,91.16
1562,0.07944955,81.52,80.24,83.14
1563,0.06492125,66.61,65.57,68.83
1564,0.07457315,76.51,75.32,78.34
1565,0.08975158,92.09,90.65,93.29
1566,0.10555929,108.3,106.61,108.86
1567,0.08783209,90.12,88.71,91.4
1568,0.07719572,79.2,77.97,80.92
1569,0.07389107,75.81,74.63,77.66
1570,0.07925018,81.31,80.04,82.94
1571,0.07923397,81.29,80.03,82.93
1572,0.06772394,69.48,68.4,71.59
1573,0.10921047,112.05,110.3,112.46
1574,0.08222185,84.36,83.04,85.87
1575,0.07290741,74.8,73.64,76.69
1576,0.06650612,68.24,67.17,70.39
1577,0.07311235,75.01,73.84,76.9
1578,0.08085649,82.96,81.67,84.53
1579,0.08966627,92.0,90.56,93.21
1580,0.07375577,75.67,74.49,77.53
1581,0.06194037,63.55,62.56,65.89
1582,0.10148593,104.12,102.5,104.85
1583,0.07099876,72.84,71.71,74.81
1584,0.06975733,71.57,70.45,73.59
1585,0.07839635,80.43,79.18,82.1
1586,0.06047314,62.05,61.08,64.44
1587,0.07290682,74.8,73.64,76.69
1588,0.08872947,91.04,89.62,92.28
1589,0.07003539,71.86,70.74,73.86
1590,0.06917586,70.97,69.87,73.02
1591,0.09000368,92.34,90.9,93.54
1592,0.10386688,106.57,104.91,107.2
1593,0.07552556,77.49,76.28,79.27
1594,0.07948793,81.55,80.28,83.18
1595,0.07626402,78.25,77.03,80.0
1596,0.09091502,93.28,91.82,94.44
1597,0.06855168,70.33,69.24,72.4
1598,0.08385869,86.04,84.7,87.48
1599,0.07215456,74.03,72.88,75.95
1600,0.06606632,67.78,66.73,69.95
1601,0.07112239,72.97,71.83,74.94
1602,0.08606202,88.3,86.92,89.65
1603,0.07215135,74.03,72.87,75.95
1604,0.0670698,68.81,67.74,70.94
1605,0.07935663,81.42,80.15,83.05
1606,0.07598825,77.96,76.75,79.73
1607,0.06862029,70.4,69.31,72.47
1608,0.07474464,76.69,75.49,78.5
1609,0.07251387,74.4,73.24,76.31
1610,0.0786104,80.65,79.4,82.31
1611,0.06330965,64.96,63.94,67.24
1612,0.06890095,70.69,69.59,72.75
1613,0.07768302,79.7,78.46,81.4
1614,0.06947531,71.28,70.17,73.31
1615,0.05963899,61.19,60.24,63.62
1616,0.06326127,64.91,63.89,67.19
1617,0.07180275,73.67,72.52,75.61
1618,0.09491859,97.39,95.87,98.38
1619,0.07221679,74.09,72.94,76.01
1620,0.06923709,71.04,69.93,73.08
1621,0.05981859,61.37,60.42,63.8
1622,0.06112453,62.71,61.74,65.09
1623,0.08503338,87.24,85.88,88.64
1624,0.05667433,58.15,57.24,60.7
1625,0.08552835,87.75,86.38,89.13
1626,0.05736172,58.85,57.94,61.38
1627,0.06985426,71.67,70.55,73.69
1628,0.07046885,72.3,71.17,74.29
1629,0.07885133,80.9,79.64,82.55
1630,0.059827,61.38,60.43,63.81
1631,0.08194711,84.08,82.77,85.6
1632,0.06736091,69.11,68.03,71.23
1633,0.07739613,79.41,78.17,81.12
1634,0.08025193,82.34,81.05,83.93
1635,0.06058593,62.16,61.19,64.55
1636,0.08915055,91.47,90.04,92.7
1637,0.06971904,71.53,70.42,73.55
1638,0.06180119,63.41,62.42,65.75
1639,0.08024801,82.33,81.05,83.93
1640,0.09037463,92.72,91.28,93.9
1641,0.05575983,57.21,56.32,59.8
1642,0.0782706,80.31,79.05,81.98
1643,0.08161143,83.73,82.43,85.27
1644,0.06994436,71.76,70.64,73.77
1645,0.10125525,103.89,102.27,104.62
1646,0.08335171,85.52,84.19,86.98
1647,0.06984398,71.66,70.54,73.68
1648,0.08756714,89.84,88.44,91.14
1649,0.0811958,83.31,82.01,84.86
1650,0.06303086,64.67,63.66,66.96
1651,0.08614243,88.38,87.0,89.73
1652,0.11287785,115.81,114.01,116.07
1653,0.06746361,69.22,68.14,71.33
1654,0.08306787,85.23,83.9,86.7
1655,0.07677956,78.78,77.55,80.51
1656,0.06973869,71.55,70.44,73.57
1657,0.06455558,66.23,65.2,68.47
1658,0.0735185,75.43,74.25,77.3
1659,0.07327293,75.18,74.01,77.05
1660,0.07551937,77.48,76.27,79.27
1661,0.0864976,88.75,87.36,90.08
1662,0.06605494,67.77,66.72,69.94
1663,0.06893399,70.73,69.62,72.78
1664,0.09481003,97.28,95.76,98.27
1665,0.07679636,78.79,77.56,80.53
1666,0.0720756,73.95,72.8,75.87
1667,0.07456183,76.5,75.31,78.32
1668,0.08658948,88.84,87.46,90.17
1669,0.07785462,79.88,78.63,81.57
1670,0.06095933,62.54,61.57,64.92
1671,0.06271665,64.35,63.34,66.65
1672,0.06959642,71.41,70.29,73.43
1673,0.0642277,65.9,64.87,68.14
1674,0.06952072,71.33,70.22,73.36
1675,0.07269754,74.59,73.42,76.49
1676,0.07476228,76.71,75.51,78.52
1677,0.12045491,123.59,121.66,123.54
1678,0.08930713,91.63,90.2,92.85
1679,0.05909469,60.63,59.69,63.09
1680,0.08970266,92.03,90.6,93.24
1681,0.06633156,68.06,66.99,70.22
1682,0.08771946,90.0,88.6,91.29
1683,0.06541323,67.11,66.07,69.31
1684,0.07830334,80.34,79.09,82.01
1685,0.08146096,83.58,82.28,85.12
1686,0.07572285,77.69,76.48,79.47
1687,0.07280887,74.7,73.54,76.6
1688,0.07181575,73.68,72.53,75.62
1689,0.05606643,57.52,56.63,60.1
1690,0.08106755,83.18,81.88,84.73
1691,0.06418711,65.86,64.83,68.1
1692,0.0909196,93.28,91.83,94.44
1693,0.08747844,89.75,88.35,91.05
1694,0.0546659,56.09,55.21,58.72
1695,0.07743706,79.45,78.21,81.16
1696,0.05300161,54.38,53.53,57.08
1697,0.08311409,85.28,83.95,86.75
1698,0.06804132,69.81,68.72,71.9
1699,0.06911042,70.91,69.8,72.95
1700,0.07638635,78.37,77.15,80.12
1701,0.09843479,100.99,99.42,101.84
1702,0.07879845,80.85,79.59,82.5
1703,0.08567223,87.9,86.53,89.27
1704,0.06752915,69.28,68.2,71.4
1705,0.08447034,86.67,85.32,88.09
1706,0.0604336,62.0,61.04,64.4
1707,0.08542697,87.65,86.28,89.03
1708,0.07419904,76.13,74.94,77.97
1709,0.08126771,83.38,82.08,84.93
1710,0.07551157,77.47,76.27,79.26
1711,0.06036141,61.93,60.97,64.33
1712,0.07466261,76.6,75.41,78.42
1713,0.06364289,65.3,64.28,67.57
1714,0.07919799,81.26,79.99,82.89
1715,0.07400748,75.93,74.75,77.78
1716,0.07556541,77.53,76.32,79.31
1717,0.06813585,69.91,68.82,71.99
1718,0.07695854,78.96,77.73,80.69
1719,0.06280162,64.43,63.43,66.74
1720,0.07348409,75.39,74.22,77.26
1721,0.06641789,68.14,67.08,70.3
1722,0.07205271,73.93,72.77,75.85
1723,0.06277216,64.4,63.4,66.71
1724,0.06859079,70.37,69.28,72.44
1725,0.06413201,65.8,64.77,68.05
1726,0.06098975,62.58,61.6,64.95
1727,0.0604771,62.05,61.08,64.45
1728,0.08073215,82.83,81.54,84.4
1729,0.06161219,63.21,62.23,65.57
1730,0.07004212,71.86,70.74,73.87
1731,0.08776365,90.05,88.64,91.33
1732,0.08341731,85.59,84.25,87.05
1733,0.07995078,82.03,80.75,83.63
1734,0.06720263,68.95,67.87,71.07
1735,0.07446617,76.4,75.21,78.23
1736,0.06736544,69.12,68.04,71.23
1737,0.05829773,59.81,58.88,62.3
1738,0.08595616,88.19,86.82,89.55
1739,0.07401028,75.93,74.75,77.78
1740,0.07100434,72.85,71.71,74.82
1741,0.06732151,69.07,67.99,71.19
1742,0.08225616,84.39,83.08,85.9
1743,0.10209412,104.75,103.12,105.45
1744,0.0919919,94.38,92.91,95.5
1745,0.08069334,82.79,81.5,84.36
1746,0.07425121,76.18,74.99,78.02
1747,0.07610989,78.09,76.87,79.85
1748,0.10038164,102.99,101.39,103.76
1749,0.0827016,84.85,83.53,86.34
1750,0.08475595,86.96,85.6,88.37
1751,0.07898467,81.04,79.77,82.68
1752,0.06605409,67.77,66.71,69.94
1753,0.06736277,69.11,68.04,71.23
1754,0.0851664,87.38,86.02,88.77
1755,0.08148622,83.6,82.3,85.15
1756,0.0714795,73.34,72.19,75.29
1757,0.06126946,62.86,61.88,65.23
1758,0.05327252,54.66,53.81,57.35
1759,0.06559466,67.3,66.25,69.49
1760,0.07833549,80.37,79.12,82.04
1761,0.0687597,70.55,69.45,72.61
1762,0.06467252,66.35,65.32,68.58
1763,0.0653128,67.01,65.97,69.21
1764,0.06460351,66.28,65.25,68.51
1765,0.06261248,64.24,63.24,66.55
1766,0.06590436,67.62,66.56,69.79
1767,0.06752121,69.28,68.2,71.39
1768,0.07085482,72.7,71.56,74.67
1769,0.07073072,72.57,71.44,74.55
1770,0.07304716,74.95,73.78,76.83
1771,0.06533491,67.03,65.99,69.23
1772,0.06712949,68.87,67.8,71.0
1773,0.0871574,89.42,88.03,90.73
1774,0.06124085,62.83,61.85,65.2
